,adm1_area,cartodb_id,gid_1,iso,wdpa_area
0,11766575.1279008,1095,HKG.6_1,HKG,0.0
1,1357031752.62084,3550,XKO.2_1,XKO,0.0
2,140027345771.269,1460,KAZ.14_1,KAZ,3197268270.96615
3,241168972841.939,1249,IND.34_1,IND,2673624852.01063
4,58714819765.5288,409,CAF.1_1,CAF,44070947337.2877
5,1450597506.48794,391,BTN.19_1,BTN,769478532.752383
6,824440459.822677,189,BDI.14_1,BDI,0.0
7,153364547303.48,331,BRA.1_1,BRA,71097948612.9455
8,358061864143.955,342,BRA.11_1,BRA,19757694248.6011
9,908054874802.012,341,BRA.12_1,BRA,177397809578.957
10,11487871039.6128,636,CRI.6_1,CRI,2494590687.62887
11,802629363.750163,1752,MDA.20_1,MDA,3021.89815043096
12,204042988.983152,661,CYP.1_1,CYP,23531341.7422473
13,4878855007.49566,1149,HTI.3_1,HTI,0.0
14,5186486.0884246,3338,UMI.7_1,UMI,5186486.0884246
15,7260780561.67528,1430,JPN.31_1,JPN,1052502008.77903
16,125750652348.23,1284,IRN.7_1,IRN,8417902961.88644
17,18268251780.2058,1289,IRN.12_1,IRN,492056272.694077
18,10766610518.4312,1342,ITA.1_1,ITA,3934934742.80118
19,1670894111.62332,2284,PHL.4_1,PHL,260391676.824025
20,3004535578.12323,2282,PHL.2_1,PHL,227867600.52785
21,2852873015.25554,2321,PHL.41_1,PHL,70194331.3657595
22,43780722.7937642,2373,PLW.12_1,PLW,3652476.75747788
23,12928763444.9958,2533,PRY.6_1,PRY,288035605.607303
24,4174668825.78487,1694,LSO.7_1,LSO,3701314634.84773
25,22501385238.305,1788,MEX.13_1,MEX,1604805636.24514
26,692370075.814497,3098,TUN.3_1,TUN,21268438.810389
27,762483388.653492,2015,MWI.4_1,MWI,11136111.2169274
28,8785121268.18507,2019,MWI.8_1,MWI,930215256.88756
29,219635695898.862,3404,USA.45_1,USA,25557194176.1786
30,100425819976.979,2668,RUS.63_1,RUS,4432896449.36046
31,21836932119.1931,2889,SWE.17_1,SWE,1297173281.13169
32,41640063648.9151,2959,TCD.16_1,TCD,18502081241.9126
33,126368686892.779,2964,TCD.21_1,TCD,0.0
34,700860917.781596,1759,MDA.27_1,MDA,0.0
35,2969019576.75465,794,DZA.47_1,DZA,76712566.2710796
36,553158201.321893,1762,MDA.30_1,MDA,0.0
37,6829697.99614125,2010,MUS.11_1,MUS,0.0
38,191010390.593096,1999,MTQ.4_1,MTQ,187922693.452155
39,1504266818.6162,1240,IND.25_1,IND,0.0
40,1017180585.34248,1252,IRL.1_1,IRL,63120163.6190057
41,465619304.733655,1879,MKD.72_1,MKD,0.0
42,11557543649.7245,217,BFA.6_1,BFA,1893612890.55527
43,3757188571.37827,240,BGR.10_1,BGR,1546021376.41914
44,4324253205.43239,241,BGR.11_1,BGR,2124604325.86904
45,433760871.452954,3538,WSM.3_1,WSM,36114566.1619012
46,12211221.8103192,1717,MAC.2_1,MAC,0.0
47,2531728587540.97,156,AUS.11_1,AUS,
48,19182498832.1429,159,AUT.3_1,AUT,6078552949.24238
49,33012629954.0228,848,ERI.2_1,ERI,1805893930.91953
50,64540616327.4917,1723,MAR.6_1,MAR,25339144394.3354
51,95821669186.1294,1918,MMR.12_1,MMR,12176991446.2688
52,3987419611.4892,1136,HRV.11_1,HRV,886105120.319422
53,1061314818.86528,1760,MDA.28_1,MDA,0.0
54,105350876637.741,399,BWA.7_1,BWA,26009252761.3065
55,930329649.682466,1748,MDA.16_1,MDA,1022.09829535979
56,8387371.03954516,1376,JEY.1_1,JEY,957084.205969089
57,5094433805.6485,1792,MEX.17_1,MEX,905543570.822163
58,63084110238.1789,1799,MEX.24_1,MEX,5478394229.94213
59,559554030.335248,728,DOM.13_1,DOM,35244806.4955271
60,590837689067.279,343,BRA.13_1,BRA,34809276596.5763
61,3683641769.84302,1427,JPN.28_1,JPN,828348230.355861
62,1253846995285.33,344,BRA.14_1,BRA,
63,27260576.5621595,1062,GUM.2_1,GUM,13477600.5888436
64,53068320.9442832,1031,GRD.7_1,GRD,8913307.08143294
65,1941908.54866391,2366,PLW.5_1,PLW,0.0
66,2700279509.45931,2511,PRT.4_1,PRT,291350160.279576
67,7683849831.74435,1424,JPN.25_1,JPN,1277650195.07508
68,193629484286.007,1628,LBY.9_1,LBY,0.0
69,25036745971.0185,1298,IRN.21_1,IRN,2268885693.08438
70,19428705789.6906,1087,GUY.8_1,GUY,4119449918.80024
71,4889633476.11293,1256,IRL.5_1,IRL,961744600.221478
72,116380885.505085,2426,PRI.11_1,PRI,18436.1275192613
73,10021263377.369,1565,KOR.10_1,KOR,1002299667.31735
74,10301462533.5169,1713,LVA.3_1,LVA,3177041660.15856
75,854743374.824806,2505,PRK.12_1,PRK,203959.432740421
76,4206215123.06589,1426,JPN.27_1,JPN,1112746096.9932
77,60452458.930356,2441,PRI.26_1,PRI,122913.795667555
78,13904314001.5935,2506,PRK.13_1,PRK,1244145.04472563
79,29063583915.1694,2388,PNG.11_1,PNG,615543209.958223
80,377638978.721207,1859,MKD.52_1,MKD,304769143.42393
81,138626381.031977,1096,HKG.7_1,HKG,48221054.7930173
82,9718328891.33647,631,CRI.1_1,CRI,1686834992.39289
83,172073055.292684,2445,PRI.30_1,PRI,11173303.1176473
84,52650916.7333553,2460,PRI.45_1,PRI,9338288.22709203
85,71596673.9124623,2469,PRI.54_1,PRI,0.0
86,5098690130.8074,1953,MNG.11_1,MNG,28204193.1815001
87,2967641121.32809,1696,LSO.9_1,LSO,333026.565497524
88,175578283.11126,2416,PRI.1_1,PRI,15755048.9223572
89,855933759.316163,3029,THA.58_1,THA,0.0
90,22475042.5126094,1643,LCA.2_1,LCA,11331431.4018149
91,1645978871.37507,3218,TZA.2_1,TZA,37567669.6072535
92,6185132191.27346,1517,KHM.1_1,KHM,635889247.371843
93,28157874122.3741,3243,TZA.27_1,TZA,5823634791.55026
94,50105028.1432515,1068,GUM.8_1,GUM,3346243.41465125
95,3220462328.61672,2622,RUS.17_1,RUS,646942657.204012
96,25723268114.3832,3126,TUR.7_1,TUR,0.0
97,12008694285.2871,1527,KHM.11_1,KHM,1207586899.38577
98,292273799.90004,1881,MKD.74_1,MKD,2359.94877031884
99,2881026654.79526,1665,LKA.3_1,LKA,614959408.638708
100,55353589904.3895,2711,SDN.5_1,SDN,0.0
101,71475610120.6397,1778,MEX.2_1,MEX,23168311564.9818
102,45778716401.4433,2712,SDN.6_1,SDN,0.0
103,90771363294.7962,1302,IRN.25_1,IRN,20099188374.8177
104,685843472.962691,1556,KOR.1_1,KOR,97797609.3226172
105,10107795997.9158,1563,KOR.8_1,KOR,899909419.271577
106,16612156277.367,1584,LAO.6_1,LAO,6912609253.93081
107,80565352.5377042,2417,PRI.2_1,PRI,0.0
108,5895036007.401,2692,RWA.4_1,RWA,674901551.553351
109,8047085490.31515,1558,KOR.3_1,KOR,459964193.723908
110,1264244449.35011,2818,SRB.13_1,SRB,346938.245660734
111,39815239.6767201,2423,PRI.8_1,PRI,0.0
112,69394554.2215141,2455,PRI.40_1,PRI,95776.7191074131
113,1168668840.08277,1864,MKD.57_1,MKD,15424655.2653409
114,12366166.8503434,3337,UMI.6_1,UMI,12405926.2451094
115,77617201312.9798,2948,TCD.5_1,TCD,13200296656.1079
116,473937253.536794,1875,MKD.68_1,MKD,153332242.367939
117,5683863706.78899,2877,SWE.5_1,SWE,310942772.651669
118,85506290.2853941,1646,LCA.5_1,LCA,44440909.9497321
119,1138959589.39725,1749,MDA.17_1,MDA,675624.295710674
120,5335938132.38066,835,EGY.16_1,EGY,0.0
121,17337212502.5281,34,AFG.34_1,AFG,0.0
122,2456070045.28143,1119,HND.12_1,HND,699478151.094934
123,10620081.9560041,312,BMU.2_1,BMU,51600.1105137192
124,115171980.310697,622,CPV.14_1,CPV,6595934.58232073
125,1057658613.05239,895,ETH.5_1,ETH,139631240.19926
126,84544217339.8761,767,DZA.20_1,DZA,0.0
127,203881053.809587,1858,MKD.51_1,MKD,10723725.3873182
128,31458670288.3416,2103,NGA.7_1,NGA,321257473.527151
129,9806632530.07809,2102,NGA.6_1,NGA,931662570.191043
130,28912831342.2603,2227,OMN.5_1,OMN,2968250.36441057
131,7416380847.37081,3121,TUR.2_1,TUR,0.0
132,452219703.927883,2177,NOR.12_1,NOR,40587378.7805088
133,12297913041.2053,3143,TUR.24_1,TUR,0.0
134,6606764812.8091,3154,TUR.35_1,TUR,0.0
135,199924448717.451,3387,USA.28_1,USA,2072116068.62676
136,11632892.9517692,3457,VGB.2_1,VGB,1830223.5580721
137,770289025.877048,3070,TLS.8_1,TLS,46793131.7773482
138,370020741.975446,3069,TLS.7_1,TLS,69601108.6912207
139,1204090234.72953,3068,TLS.6_1,TLS,111267861.503654
140,379876082312.554,3386,USA.27_1,USA,32273986872.3227
141,887312305.793726,2558,QAT.6_1,QAT,171632952.308825
142,123614960885.339,3384,USA.25_1,USA,5090631710.46788
143,5854340291.93328,2557,QAT.5_1,QAT,779036887.57675
144,1234253949.6884,3525,VNM.62_1,VNM,156690576.205191
145,87930328.7448623,708,DMA.8_1,DMA,30251761.3284611
146,2154560455.3373,2998,THA.27_1,THA,0.0
147,69247439888.5028,1964,MNG.22_1,MNG,16069220769.1653
148,1261440009.83573,1129,HRV.4_1,HRV,224841965.444876
149,28660504.1824047,3537,WSM.2_1,WSM,0.0
150,370140647.229838,268,BHS.5_1,BHS,0.0
151,551999944.312883,3072,TLS.10_1,TLS,84097463.8865612
152,6291344069.11762,2980,THA.9_1,THA,1614352600.08927
153,305806068.516576,2939,TCA.2_1,TCA,235942093.819566
154,1503663263.23684,3066,TLS.4_1,TLS,168394543.626085
155,12709530795.9137,2979,THA.8_1,THA,3270343352.17405
156,258802873.106833,2940,TCA.3_1,TCA,139523255.855938
157,133793424778.882,3059,TKM.3_1,TKM,3931970710.10863
158,35069418.5342457,1648,LCA.7_1,LCA,10025364.8617472
159,331737329047.376,340,BRA.10_1,BRA,67037102860.0282
160,56622771140.1671,345,BRA.15_1,BRA,565815074.698601
161,7022475180.71405,669,CZE.4_1,CZE,672089663.932276
162,657323491.154088,1183,IDN.7_1,IDN,8388875.06683941
163,23818008034.9651,2955,TCD.12_1,TCD,0.0
164,3926160135.19567,2287,PHL.7_1,PHL,0.0
165,48599317361.7983,1282,IRN.5_1,IRN,5863494287.02147
166,20476864726.9922,1286,IRN.9_1,IRN,1483483038.23959
167,183351270638.307,1290,IRN.13_1,IRN,23521770973.6955
168,22833568634.5362,1291,IRN.14_1,IRN,1556608777.16834
169,20020334884.7357,1586,LAO.8_1,LAO,416498826.675554
170,746904233.703445,2027,MWI.16_1,MWI,100379846.996482
171,8526877.96645116,3340,UMI.9_1,UMI,8526877.96645116
172,15094322368.7633,3423,UZB.14_1,UZB,6752695057.91457
173,2608587808.48015,878,EST.4_1,EST,344538850.760314
174,3430254002.41786,249,BGR.19_1,BGR,1392738247.27757
175,23922599874.195,40,AGO.6_1,AGO,0.0
176,282222787.17209,122,ARM.4_1,ARM,1161844.40224359
177,3499972026.44251,78,ALB.10_1,ALB,498607396.11714
178,5453525.693798,321,BMU.11_1,BMU,263913.59210113
179,2544858889.83633,1271,IRL.20_1,IRL,211857959.68756
180,273215722.981398,2043,MYS.4_1,MYS,1283869.74045951
181,9852316234.47807,224,BGD.1_1,BGD,96725953.4189401
182,3432051510.05208,3290,UGA.44_1,UGA,563561891.010705
183,12375445377.2476,230,BGD.7_1,BGD,85246597.3573823
184,985272256174.779,153,AUS.8_1,AUS,
185,52266560613.5206,558,COD.23_1,COD,1303730009.75529
186,108721454857.181,556,COD.21_1,COD,29740498949.01
187,67023791701.4854,568,COG.7_1,COG,6762434645.42322
188,64434292933.4835,557,COD.22_1,COD,11290126110.5326
189,5400727867.83378,1278,IRN.1_1,IRN,413473791.588415
190,27693765550.9147,2128,NGA.32_1,NGA,2519245188.84089
191,16064998919.2523,480,CHL.16_1,CHL,550023072.586839
192,7803813368.59479,400,BWA.8_1,BWA,1902501.44370769
193,14784056992.221,477,CHL.13_1,CHL,731255038.279379
194,1077959.62727313,2190,NRU.1_1,NRU,0.0
195,117543893.090987,2472,PRI.57_1,PRI,4582167.78099154
196,1235963894.73865,1335,ISR.1_1,ISR,13581923.3280666
197,36799098397.8976,3222,TZA.6_1,TZA,2221870056.06178
198,2537510583.60299,1489,KEN.29_1,KEN,331443373.596215
199,12893675.5424944,1364,JAM.3_1,JAM,1290645.04643398
200,2899101930.56812,830,EGY.11_1,EGY,63653685.2478508
201,959060.464558729,2192,NRU.3_1,NRU,0.0
202,18336477587.0447,2618,RUS.13_1,RUS,1724097927.76365
203,62847285729.8027,1959,MNG.17_1,MNG,3559331251.42993
204,11692480.7614526,1385,JEY.10_1,JEY,1937651.76153021
205,2561441531.96294,711,DNK.1_1,DNK,512348402.682789
206,421213622.971781,1825,MKD.18_1,MKD,54256.650387716
207,53323528261.9343,104,ARG.10_1,ARG,21517303516.9053
208,77915130306.9149,102,ARG.8_1,ARG,6647864398.81974
209,8126999106.54251,3136,TUR.17_1,TUR,0.0
210,4837494709.6312,1697,LSO.10_1,LSO,1292403895.92157
211,1908917716.18307,1392,JOR.5_1,JOR,48106891.3361818
212,428455781619.154,1455,KAZ.9_1,KAZ,2296051912.14488
213,22368304819.5841,1236,IND.21_1,IND,463855394.73922
214,80226201244.6584,1230,IND.15_1,IND,3103697285.76482
215,192071313986.024,1231,IND.16_1,IND,8736296823.55861
216,101048808449.603,1772,MDG.3_1,MDG,8941905751.83194
217,2018742465.88625,888,EST.14_1,EST,395959669.157912
218,13628737.3334839,1543,KNA.2_1,KNA,0.0
219,45678440980.0213,1202,IDN.26_1,IDN,2721266529.15108
220,3470077506.32251,881,EST.6_1,EST,484014493.577746
221,1133241125.52554,372,BRN.4_1,BRN,289780729.762051
222,21619289.0880206,1547,KNA.6_1,KNA,0.0
223,1178398791.21054,2499,PRK.6_1,PRK,1902204.70840024
224,156079867461.515,1241,IND.26_1,IND,7234922360.91682
225,17856269745.4687,1361,ITA.20_1,ITA,3761088407.98226
226,4281077330.57045,2399,PNG.21_1,PNG,241303429.736854
227,10074181372.8951,3285,UGA.39_1,UGA,512272503.876543
228,7303969637.86961,714,DNK.4_1,DNK,
229,2886785847.21922,766,DZA.19_1,DZA,979428482.682608
230,8554703725.26481,3286,UGA.40_1,UGA,4770297850.58649
231,9827500119.21626,2386,PNG.9_1,PNG,0.0
232,77293314.2019455,2434,PRI.19_1,PRI,9812701.4156358
233,131196038.535746,2466,PRI.51_1,PRI,0.0
234,428888462056.551,2688,RUS.83_1,RUS,5265608418.49607
235,841112.109400956,2194,NRU.5_1,NRU,0.0
236,9458084337.99406,3359,URY.19_1,URY,2073030403.24662
237,13195264895.2029,3343,URY.3_1,URY,661472459.508424
238,12413308689.3321,3345,URY.5_1,URY,0.0
239,14085006802.9456,1534,KHM.18_1,KHM,5479549260.51797
240,160645334.869844,2456,PRI.41_1,PRI,8793584.55124353
241,134285360.672919,2468,PRI.53_1,PRI,27361953.6690009
242,168929055686.24,3409,USA.50_1,USA,
243,4536483578.58385,1519,KHM.3_1,KHM,0.0
244,95245490034.0128,2632,RUS.27_1,RUS,14920571561.2811
245,22578875812.4849,118,ARG.24_1,ARG,1803699181.77166
246,59527358820.9606,2634,RUS.29_1,RUS,3593520118.68251
247,137126344773.632,116,ARG.22_1,ARG,1993532458.29743
248,20829469427.3441,117,ARG.23_1,ARG,2368338041.08083
249,24368732439.1438,2644,RUS.39_1,RUS,213473802.603003
250,21216417988.423,2713,SDN.7_1,SDN,0.0
251,27718444.8015494,1658,LIE.7_1,LIE,1880309.90753709
252,2135784761.82788,2330,PHL.50_1,PHL,35541869.3798636
253,3718134353.01914,75,ALB.7_1,ALB,670471805.949404
254,2653451472.4745,1691,LSO.4_1,LSO,31701.3602076198
255,3772617600.39803,1692,LSO.5_1,LSO,0.0
256,760620241.752467,1135,HRV.10_1,HRV,240935687.555798
257,6893607671.1643,3473,VNM.10_1,VNM,2047260061.30272
258,4426327168.0871,1353,ITA.12_1,ITA,1162499409.9246
259,25233507840.2334,1354,ITA.13_1,ITA,4167991562.85399
260,17910137743.3176,937,GAB.3_1,GAB,12496977819.1371
261,3208970546.91287,793,DZA.46_1,DZA,33289908.8463686
262,1662537384.53378,77,ALB.9_1,ALB,172066162.37051
263,59920266.1392502,358,BRB.1_1,BRB,587448.034574387
264,192898366779.892,2671,RUS.66_1,RUS,13891922256.5454
265,2243621390.97365,762,DZA.15_1,DZA,0.0
266,36683410892.913,2680,RUS.75_1,RUS,2226815199.0077
267,1111309352.72649,382,BTN.10_1,BTN,649903743.362907
268,5894895788.91862,802,ECU.7_1,ECU,164984154.210712
269,1306824292.08756,384,BTN.12_1,BTN,853243.68415249
270,4910992.37481339,2777,SMR.1_1,SMR,0.0
271,1878840144.87912,383,BTN.11_1,BTN,651229392.288235
272,2721293696.92502,373,BTN.1_1,BTN,1912308238.48284
273,15903052011.4482,805,ECU.10_1,ECU,803733954.71335
274,85644826.2162157,2430,PRI.15_1,PRI,7826913.75075544
275,1942894570.69102,1673,LKA.11_1,LKA,491804987.332536
276,8027858251.09051,804,ECU.9_1,ECU,6416139276.10308
277,19603876128.4664,809,ECU.14_1,ECU,1019558669.05272
278,1882871978.9266,374,BTN.2_1,BTN,1651937.82203519
279,11102992099.0784,807,ECU.12_1,ECU,1019930811.90022
280,7298754429.11207,808,ECU.13_1,ECU,22471848.3089794
281,3139217730.98887,376,BTN.4_1,BTN,3080835848.5118
282,72327047186.0754,37,AGO.3_1,AGO,1489944401.93597
283,2862258984.27888,378,BTN.6_1,BTN,2407920961.77882
284,34505484268.598,35,AGO.1_1,AGO,8622012469.18456
285,131579413374.829,325,BOL.4_1,BOL,29201545126.4086
286,1946852944.56221,379,BTN.7_1,BTN,469801852.323765
287,54439599890.8233,323,BOL.2_1,BOL,20931220974.7578
288,1907672952.93678,377,BTN.5_1,BTN,664064277.684199
289,1023431145.78533,381,BTN.9_1,BTN,151328960.045902
290,43829499221.2031,765,DZA.18_1,DZA,0.0
291,1289104575.1879,380,BTN.8_1,BTN,353296991.557088
292,39659164919.109,36,AGO.2_1,AGO,548488502.609661
293,220584942353.391,324,BOL.3_1,BOL,45922910167.0315
294,51836161667.0474,326,BOL.5_1,BOL,2620368187.96456
295,37173637898.9131,2709,SDN.3_1,SDN,45742907.2757198
296,7081173217.69924,38,AGO.4_1,AGO,0.0
297,78222040861.2341,47,AGO.13_1,AGO,0.0
298,109420910971.218,900,ETH.10_1,ETH,34745312739.0236
299,2916287.95995053,3205,TUV.5_1,TUV,0.0
300,16575185080.0663,414,CAF.6_1,CAF,92479091.9749203
301,686001247.388833,1667,LKA.5_1,LKA,37288932.7508579
302,4145850536.30696,786,DZA.39_1,DZA,0.0
303,2481077941.03029,1666,LKA.4_1,LKA,977543726.576286
304,9380460314.14859,785,DZA.38_1,DZA,0.0
305,43379633.7072319,1073,GUM.13_1,GUM,19000385.875221
306,2468250004.86808,2829,SRB.24_1,SRB,247939749.251869
307,124691689912.682,538,COD.3_1,COD,26682692172.0741
308,417067803.63122,1934,MNE.13_1,MNE,1315402.07582338
309,15205241243.7509,1714,LVA.4_1,LVA,4634017345.06434
310,4342750884.20381,3133,TUR.14_1,TUR,0.0
311,16988664289.0118,2730,SEN.6_1,SEN,3149210840.08099
312,5043216.54267876,2906,SYC.9_1,SYC,0.0
313,2734643.44773131,2196,NRU.7_1,NRU,0.0
314,1331648929.32351,1935,MNE.14_1,MNE,105594089.696913
315,9065785194.18284,795,DZA.48_1,DZA,1815502.20979202
316,3917098990.86,797,ECU.2_1,ECU,136003103.289666
317,125249734.293885,702,DMA.2_1,DMA,14933332.7607678
318,35351936518.1431,1083,GUY.4_1,GUY,102668169.501951
319,10603404606.0147,1408,JPN.9_1,JPN,2649141010.31828
320,4026666755.60172,2807,SRB.2_1,SRB,198202807.918658
321,1906484206.61827,182,BDI.7_1,BDI,0.0
322,4094219175.4844,90,ARE.3_1,ARE,1261929432.31143
323,156995123.607667,2008,MUS.9_1,MUS,8362069.15423678
324,20829468229.4974,227,BGD.4_1,BGD,4269493563.51697
325,4300946.0052336,963,GGY.4_1,GGY,0.0
326,31042926878.5582,226,BGD.3_1,BGD,196950077.125678
327,31111586394.1335,225,BGD.2_1,BGD,1397469751.09468
328,1589458378.91042,91,ARE.4_1,ARE,208177903.436356
329,2434322870.50412,92,ARE.5_1,ARE,3581279.21043521
330,20672011567.1597,3314,UKR.10_1,UKR,2743908023.9843
331,2522914155.08314,93,ARE.6_1,ARE,108678271.3302
332,928978377.333474,3494,VNM.31_1,VNM,0.0
333,50393895.7290662,1940,MNE.19_1,MNE,1054460.05475699
334,4042726939.26851,1085,GUY.6_1,GUY,0.0
335,8206507563.91047,796,ECU.1_1,ECU,378001359.442149
336,197437867.322857,1852,MKD.45_1,MKD,0.0
337,2643734701.19275,245,BGR.15_1,BGR,591812722.845837
338,3152737222.32223,238,BGR.8_1,BGR,1193029553.18793
339,10021310268.3973,1728,MAR.11_1,MAR,1262411537.27498
340,2057334299644.63,433,CAN.8_1,CAN,
341,2064221987.4458,3294,UGA.48_1,UGA,58074797.6830861
342,17954198.8628433,146,AUS.1_1,AUS,17954198.9890216
343,7771606456.75586,232,BGR.2_1,BGR,3546809585.56275
344,67812546.6116901,149,AUS.4_1,AUS,57147290.2110813
345,1522113.51133345,964,GGY.5_1,GGY,1522113.51133345
346,2357841187.9877,147,AUS.2_1,AUS,1309596873.13173
347,1526507810.87566,3298,UGA.52_1,UGA,434208197.874028
348,7078565.34886878,148,AUS.3_1,AUS,7211860.71641316
349,801427749826.174,150,AUS.5_1,AUS,
350,15999235693.1698,30,AFG.30_1,AFG,0.0
351,17913677900.1553,6,AFG.6_1,AFG,0.0
352,1690966676.30311,1041,GTM.5_1,GTM,219626378.80136
353,300266.785670009,965,GGY.6_1,GGY,300266.785670009
354,1224894027.27271,847,ERI.1_1,ERI,0.0
355,19673733385.7192,2108,NGA.12_1,NGA,5870528565.2656
356,4310487.75238017,3339,UMI.8_1,UMI,4310487.75238017
357,8817693430.74244,3352,URY.12_1,URY,166365109.986433
358,103079587.760315,54,ALA.2_1,ALA,2802246.73383547
359,234078467.42298,89,ARE.2_1,ARE,1283335.57364498
360,71063879.3409994,141,ATG.4_1,ATG,480477.029168646
361,56422745723.028,553,COD.18_1,COD,2539380311.47739
362,1631877288.56432,3260,UGA.14_1,UGA,23145212.2286229
363,5387734770.40731,172,AZE.7_1,AZE,2075933293.66692
364,75842010635.9829,1955,MNG.13_1,MNG,23837738760.2282
365,91594760491.1396,540,COD.5_1,COD,21480709425.6574
366,15795402032.3979,516,CIV.5_1,CIV,3126343108.06304
367,1317822335.51318,724,DOM.9_1,DOM,259039819.692695
368,1481468661.43829,757,DZA.10_1,DZA,0.0
369,94079998664.0824,861,ESP.5_1,ESP,
370,65231857877.3472,541,COD.6_1,COD,12061208063.7666
371,424205067.431047,2212,NZL.9_1,NZL,68648474.2170294
372,12760197774.5577,2209,NZL.6_1,NZL,2213137567.63757
373,79382591206.7683,860,ESP.4_1,ESP,
374,3375976.51957846,2200,NRU.11_1,NRU,0.0
375,21949372897.2807,2210,NZL.7_1,NZL,3584609491.79037
376,57322481640.9742,543,COD.7_1,COD,4295774645.85025
377,98815481721.598,354,BRA.24_1,BRA,6209715784.48157
378,80374171.2533685,626,CPV.18_1,CPV,4809885.12730182
379,81351047.4808285,612,CPV.4_1,CPV,20901479.5296253
380,42039211.3219863,655,CYM.2_1,CYM,1968255.40659064
381,11703689259.2127,1911,MMR.5_1,MMR,17033194.998885
382,8001888946.96933,3130,TUR.11_1,TUR,0.0
383,25782445284.779,2800,SOM.15_1,SOM,0.0
384,8183903757.0029,3307,UKR.3_1,UKR,551877872.59513
385,26265109247.8099,3308,UKR.4_1,UKR,866359941.314158
386,313630349905.076,899,ETH.9_1,ETH,43112862232.4014
387,11782591.6964164,81,AND.1_1,AND,5646755.5368885
388,32343498519.2843,3306,UKR.2_1,UKR,1163901447.37218
389,324408014421.421,898,ETH.8_1,ETH,97193582303.825
390,278751785090.481,357,BRA.27_1,BRA,57869865886.8129
391,31317848076.5614,3312,UKR.8_1,UKR,144281947.094746
392,11905083726.0695,3254,UGA.8_1,UGA,2008848164.51425
393,2349370380.32245,3469,VNM.6_1,VNM,36051041.0665617
394,6497104914.74665,3018,THA.47_1,THA,1391803804.0008
395,557204534.463596,3019,THA.48_1,THA,45474860.4250393
396,25477789701.4092,3313,UKR.9_1,UKR,1197357077.69642
397,19676300805.7887,3390,USA.31_1,USA,4126842731.29198
398,8620661169.23857,2283,PHL.3_1,PHL,614195874.588454
399,24898631423.0259,3405,USA.46_1,USA,1028254723.5653
400,57587232296.9884,3606,ZWE.6_1,ZWE,21290101287.028
401,32199160143.8124,3605,ZWE.5_1,ZWE,2120228441.25639
402,22821156882.7652,2891,SWE.19_1,SWE,1106823876.4032
403,12574827805.0806,562,COG.1_1,COG,0.0
404,4780431189.49901,3128,TUR.9_1,TUR,1572478.51655824
405,20162151473.2949,2116,NGA.20_1,NGA,1216872829.85574
406,34659457496.4886,2133,NGA.37_1,NGA,9259776072.47054
407,17405265755.7128,1583,LAO.5_1,LAO,4287066184.532
408,50845555.7618321,3533,WLF.1_1,WLF,0.0
409,43491890502.8136,853,ESH.1_1,ESH,0.0
410,14152323744.1107,3515,VNM.52_1,VNM,722409783.354335
411,26686141098.8294,2081,NAM.9_1,NAM,17442240792.0423
412,17354704630.6752,1323,IRQ.15_1,IRQ,2536319198.77008
413,12866985271.7077,1522,KHM.6_1,KHM,1662316922.90831
414,247042853.338106,2011,MUS.12_1,MUS,32233162.2245347
415,6126902.53770433,1656,LIE.5_1,LIE,2420919.2057477
416,1621510092.63171,1668,LKA.6_1,LKA,239412489.451861
417,1035849272.08396,719,DOM.4_1,DOM,70160743.2434269
418,33344264151.26,1640,LBY.21_1,LBY,0.0
419,3641229.07973376,1659,LIE.8_1,LIE,752266.436339466
420,31974899.6176653,3545,WSM.10_1,WSM,0.0
421,3037933291.617,2165,NLD.14_1,NLD,246256659.684269
422,1799219597.38007,2163,NLD.12_1,NLD,162682910.020012
423,4440861347.1021,1273,IRL.22_1,IRL,363845690.195543
424,5189891067.83727,3476,VNM.13_1,VNM,1691230565.38057
425,71308186553.3061,2123,NGA.27_1,NGA,8909173028.84962
426,230710542.953504,284,BHS.21_1,BHS,5996846.8700793
427,26437134478.1567,2122,NGA.26_1,NGA,1413148775.23077
428,29064702438.1094,2119,NGA.23_1,NGA,4259331956.26733
429,91070157.0807761,2044,MYS.5_1,MYS,648910.565367925
430,34679015510.8794,211,BFA.1_1,BFA,1997598598.18743
431,4518767339.2302,1963,MNG.21_1,MNG,717083769.627738
432,2381393026.51131,2826,SRB.21_1,SRB,3456824.50735924
433,660219443414.162,426,CAN.1_1,CAN,95869550588.6623
434,796770865.526259,747,DOM.32_1,DOM,160057246.660659
435,7363798565.39511,137,ATF.4_1,ATF,6089806115.79657
436,11916086244.8231,160,AUT.4_1,AUT,1039025301.69477
437,1417176763.05728,183,BDI.8_1,BDI,59025604.3744943
438,16790006092.4375,195,BEL.3_1,BEL,
439,10979103322.778,201,BEN.6_1,BEN,2373551312.89333
440,27872604023.9672,332,BRA.2_1,BRA,927957434.777253
441,98638753070.2171,347,BRA.17_1,BRA,7956321035.99745
442,2058834385.08221,734,DOM.19_1,DOM,1445540494.31308
443,160609583432.37,1217,IND.2_1,IND,4453570206.08205
444,3925166609.84985,3157,TUR.38_1,TUR,5536497.94731273
445,506655995.693251,442,CHE.4_1,CHE,4230728.89962226
446,37842058417.1776,1324,IRQ.16_1,IRQ,269767079.460336
447,156388813684.844,505,CHN.25_1,CHN,0.0
448,27902651915.9181,513,CIV.2_1,CIV,9894838008.61057
449,17802638826.801,1279,IRN.2_1,IRN,7271999.29437006
450,884808655.623421,1337,ISR.3_1,ISR,98888451.4837989
451,235832422.941054,959,GEO.12_1,GEO,0.0
452,2847442890.28257,1598,LBN.2_1,LBN,20959381.7594682
453,5560169.01416219,3335,UMI.4_1,UMI,5302759.64297364
454,6103510799.59564,1413,JPN.14_1,JPN,1316401974.2548
455,11758875989.4514,1536,KHM.20_1,KHM,5331745958.79235
456,5602871120.82299,1783,MEX.8_1,MEX,162200744.707182
457,3383825182.98898,3099,TUN.4_1,TUN,178985772.012005
458,254650600.305086,1931,MNE.10_1,MNE,0.0
459,10394377014.3463,2028,MWI.17_1,MWI,1187292492.38347
460,11453941556.7283,2030,MWI.19_1,MWI,1468768779.10696
461,3075072658.43488,2018,MWI.7_1,MWI,0.0
462,9718172459.05085,2393,PNG.16_1,PNG,197380213.249677
463,8391135369.12838,2342,PHL.62_1,PHL,819396057.095838
464,5463100898.61658,2346,PHL.66_1,PHL,2191824494.87633
465,993719995.395398,2550,PYF.3_1,PYF,0.0
466,1569817402.61276,2555,QAT.3_1,QAT,326262826.702281
467,26055894378.5974,1325,IRQ.17_1,IRQ,2507324748.57894
468,51837606974.7649,500,CHN.20_1,CHN,0.0
469,715645227756.62,501,CHN.21_1,CHN,45891837650.5514
470,109123177.345073,3547,XAD.1_1,XAD,79519047.9451777
471,6882797399.97379,2892,SWE.20_1,SWE,546068223.722728
472,22171884322.2953,2981,THA.10_1,THA,9236185523.12987
473,29768686572.7278,416,CAF.8_1,CAF,0.0
474,925342886.96894,3556,XNC.1_1,XNC,5417718.58188015
475,934486684.417153,3092,TTO.12_1,TTO,371250015.916277
476,3738795702.21405,257,BGR.27_1,BGR,700894899.237737
477,2155056463.90561,884,EST.10_1,EST,199425523.742417
478,3246527315.23786,887,EST.13_1,EST,868279918.938915
479,744335063.865332,94,ARE.7_1,ARE,0.0
480,164777381618.203,100,ARG.6_1,ARG,16225116210.434
481,142890651820.509,105,ARG.11_1,ARG,2020508587.40773
482,30032474715.8588,108,ARG.14_1,ARG,4496177045.33344
483,20114120891.1328,790,DZA.43_1,DZA,0.0
484,3163204659.63082,72,ALB.4_1,ALB,334932704.156868
485,6217323823.55132,951,GEO.4_1,GEO,364027037.882328
486,60379030479.8289,417,CAF.9_1,CAF,15140619226.4571
487,11514611105.151,952,GEO.5_1,GEO,1903359956.09288
488,6304849325.95264,953,GEO.6_1,GEO,116278661.18307
489,7192599.94161043,970,GGY.11_1,GGY,0.0
490,101751880535.466,495,CHN.15_1,CHN,2791604297.17673
491,5990942.95143521,320,BMU.10_1,BMU,241884.988165008
492,21909739350.7489,216,BFA.5_1,BFA,1754251114.53146
493,25720066105.9405,219,BFA.9_1,BFA,1603629828.1953
494,1522521996.91974,450,CHE.12_1,CHE,67112631.4252761
495,690408340.094673,447,CHE.9_1,CHE,251659396.594014
496,8796754662.51532,948,GEO.1_1,GEO,625063053.309222
497,821131842.974959,1318,IRQ.10_1,IRQ,0.0
498,2840245679.37135,949,GEO.2_1,GEO,388678326.775113
499,1924004788.35022,950,GEO.3_1,GEO,75085074.3047239
500,20815595476.0784,947,GBR.4_1,GBR,
501,2990410.19377728,973,GGY.14_1,GGY,0.0
502,9229035023.17244,2126,NGA.30_1,NGA,875207999.650616
503,404962666055.823,485,CHN.5_1,CHN,5357951307.25245
504,190645616602.416,497,CHN.17_1,CHN,3643226619.5192
505,145611482040.497,498,CHN.18_1,CHN,826297454.882727
506,107943993849.671,574,COL.1_1,COL,23186160461.4571
507,63434204778.3894,575,COL.2_1,COL,6858291212.93393
508,15587341508.1985,1730,MAR.13_1,MAR,1460504712.31282
509,43704906687.7132,479,CHL.15_1,CHL,3286006625.65338
510,102464787147.498,537,COD.2_1,COD,29601561318.2547
511,35309101860.2242,572,COG.11_1,COG,3954323347.05373
512,273207300.83232,611,CPV.3_1,CPV,1741093.60530378
513,101197913828.183,605,COL.32_1,COL,5861280042.7857
514,59657535.8832847,704,DMA.4_1,DMA,12217198.281485
515,434304325.74734,606,COM.1_1,COM,108925316.974728
516,219799079.345136,608,COM.3_1,COM,11721165.3787946
517,53481271917.7856,604,COL.31_1,COL,6733994873.26639
518,632248736.751342,609,CPV.1_1,CPV,7269413.73880178
519,1025675567.56204,607,COM.2_1,COM,355798839.162244
520,69715050.4708109,610,CPV.2_1,CPV,0.0
521,2168907617.16813,828,EGY.9_1,EGY,0.0
522,822186643.278511,1365,JAM.4_1,JAM,13577865.452008
523,10111901.2015616,1380,JEY.5_1,JEY,1491909.18453725
524,227468305.51647,1822,MKD.15_1,MKD,0.0
525,1417186472.71169,1391,JOR.4_1,JOR,41922731.5380209
526,1193807057.51916,1396,JOR.9_1,JOR,248190361.866772
527,165776395941.503,1452,KAZ.6_1,KAZ,19433711078.8753
528,9565410595.02885,1334,ISL.8_1,ISL,398670094.826251
529,24566849533.7116,1331,ISL.5_1,ISL,4402194520.11169
530,135869011.358522,59,ALA.7_1,ALA,294358.594989237
531,60781504.011742,2363,PLW.2_1,PLW,3497361.43082692
532,7393305009.48492,2581,ROU.18_1,ROU,1080088105.61378
533,4455230025.73966,2582,ROU.19_1,ROU,606272332.775584
534,314936857773.914,3391,USA.32_1,USA,17389722326.742
535,17267693197.4991,3040,THA.69_1,THA,8928770984.09756
536,306187642.59706,2473,PRI.58_1,PRI,12522163.0457226
537,38232513158.0183,3217,TZA.1_1,TZA,27872388870.5906
538,8259877088.08168,3138,TUR.19_1,TUR,0.0
539,12343146261.6444,1330,ISL.4_1,ISL,407058684.71211
540,327552184.153254,3424,UZB.13_1,UZB,0.0
541,1494374.54626334,2203,NRU.14_1,NRU,0.0
542,6838404005.16623,1521,KHM.5_1,KHM,1631410186.57901
543,28432617113.2684,3604,ZWE.4_1,ZWE,4724884731.60036
544,101905673004.562,1956,MNG.14_1,MNG,27283335960.8249
545,27485907.4802822,1645,LCA.4_1,LCA,10459535.7711761
546,2585456424.9965,1473,KEN.13_1,KEN,339221712.433268
547,12708181285.1039,1474,KEN.14_1,KEN,424686692.466428
548,9567115967.82819,1480,KEN.20_1,KEN,3285126859.88569
549,6750124641.43487,1481,KEN.21_1,KEN,2209586963.54319
550,491019337.705446,1560,KOR.5_1,KOR,68304808.5136966
551,708384710.755796,1958,MNG.16_1,MNG,0.0
552,378594639731.935,2700,SAU.7_1,SAU,19797253376.8127
553,79707998687.2234,2721,SDN.15_1,SDN,0.0
554,2574916895.23029,1681,LKA.19_1,LKA,1575091420.58778
555,6568535753.63879,647,CUB.10_1,CUB,373647288.876249
556,11718977111.516,648,CUB.11_1,CUB,5126842877.54553
557,9144993328.34542,653,CUB.16_1,CUB,666160580.180155
558,6386134242.32366,651,CUB.14_1,CUB,1000201486.38704
559,6425059180.57908,652,CUB.15_1,CUB,1165732631.45354
560,3683837496.79069,649,CUB.12_1,CUB,221973218.547725
561,11053906926.3392,650,CUB.13_1,CUB,1950912359.49138
562,7251784304.61982,3139,TUR.20_1,TUR,185036307.910383
563,184009838.131816,1836,MKD.29_1,MKD,786.667615577514
564,23047918.5399329,3534,WLF.2_1,WLF,0.0
565,6477775.2209967,2784,SMR.8_1,SMR,0.0
566,196975563.609837,1862,MKD.55_1,MKD,56256933.8481549
567,2648167894.85304,2293,PHL.13_1,PHL,1184908207.83903
568,72910602624.8055,1962,MNG.20_1,MNG,10339909868.49
569,1448364640.91293,2865,SVN.5_1,SVN,1138563197.22578
570,1299439499.5786,2869,SVN.9_1,SVN,656231734.560752
571,21040703252.9091,686,DEU.7_1,DEU,
572,33988550566.4249,689,DEU.10_1,DEU,
573,16142810168.1517,695,DEU.16_1,DEU,
574,82272939080.9852,1951,MNG.9_1,MNG,8536360521.46517
575,541456757.196589,3095,TTO.15_1,TTO,53618438.426213
576,181071699.803789,1965,MNP.1_1,MNP,29992294.9445718
577,37880213.4873043,1993,MSR.1_1,MSR,0.0
578,7015198704.16301,1486,KEN.26_1,KEN,3020732896.79924
579,1594237209.97218,718,DOM.3_1,DOM,485493379.701801
580,10669969.9892346,1093,HKG.4_1,HKG,6258.98437644884
581,9491425426.75919,814,ECU.19_1,ECU,911030363.586626
582,29605299118.8146,813,ECU.18_1,ECU,3748122475.44565
583,111410297192.669,2949,TCD.6_1,TCD,11944535556.1674
584,3794929250.25154,816,ECU.21_1,ECU,2874960.76377303
585,3708425758.01904,815,ECU.20_1,ECU,11800159.2485788
586,67921110687.7125,2952,TCD.9_1,TCD,0.0
587,10580460427.054,819,ECU.24_1,ECU,1962309327.12641
588,3684176410.72745,768,DZA.21_1,DZA,0.0
589,18011138082.4622,817,ECU.22_1,ECU,8079870222.18963
590,17587164.5600683,2068,MYT.13_1,MYT,5063866.28819286
591,3397078674.46219,818,ECU.23_1,ECU,1241251644.03096
592,294059222952.936,769,DZA.22_1,DZA,92502932309.7231
593,32062112140.1144,862,ESP.6_1,ESP,
594,93493496.3862916,3076,TON.1_1,TON,0.0
595,521001541.883069,3560,XNC.5_1,XNC,4322897.74856038
596,95099888.6372948,1026,GRD.2_1,GRD,20552666.9774402
597,200316094056.024,1456,KAZ.10_1,KAZ,4254873261.97289
598,23277432386.7042,687,DEU.8_1,DEU,
599,155959307974.411,893,ETH.3_1,ETH,5448871505.82351
600,2981088397.52248,126,ARM.8_1,ARM,210036235.031022
601,50397960357.3582,894,ETH.4_1,ETH,1953432835.4657
602,318928103.166233,1876,MKD.69_1,MKD,7544671.28268889
603,7618147255.29797,3571,YEM.11_1,YEM,0.0
604,563424289.574388,1874,MKD.67_1,MKD,0.0
605,414875699.342726,1884,MKD.77_1,MKD,3391398.19346691
606,6327907312.87189,957,GEO.10_1,GEO,865209290.981907
607,245149211.125102,1893,MLI.1_1,MLI,0.0
608,11232399289.0198,2885,SWE.13_1,SWE,788316595.636025
609,11021419494.5823,2879,SWE.7_1,SWE,720403577.102584
610,36289190764.7905,222,BFA.12_1,BFA,18203687879.8072
611,3160322258.90787,1117,HND.10_1,HND,425377059.416525
612,4742097426.53102,1141,HRV.16_1,HRV,1550732009.40832
613,2068142078.33449,1143,HRV.18_1,HRV,494538231.138477
614,1412200617.9772,190,BDI.15_1,BDI,0.0
615,NaN,3303,UGA.57_1,UGA,195941876.216282
616,5931309553.71281,1172,HUN.16_1,HUN,885560743.265112
617,271742872596.727,351,BRA.21_1,BRA,8400457659.24505
618,225382357542.557,353,BRA.23_1,BRA,132637410093.917
619,237322112100.226,352,BRA.22_1,BRA,92209023820.5924
620,1856195492.18163,191,BDI.16_1,BDI,5927260.63793567
621,2259315622.83931,192,BDI.17_1,BDI,113931911.978648
622,17555145991.223,3576,YEM.16_1,YEM,0.0
623,28103203760.9242,3416,UZB.6_1,UZB,825173710.973106
624,7568148431.21238,1420,JPN.21_1,JPN,2210853074.06665
625,6367630071.69679,1409,JPN.10_1,JPN,1303615004.74328
626,5777588042.92976,1422,JPN.23_1,JPN,2216568576.13713
627,13577165384.0557,1425,JPN.26_1,JPN,3672419939.39892
628,7046147987.97683,1419,JPN.20_1,JPN,691731647.385109
629,2554355029.38622,825,EGY.6_1,EGY,524032.804482111
630,41412248960.6258,2679,RUS.74_1,RUS,396081512.727275
631,6006632759.29144,3512,VNM.49_1,VNM,315603120.867004
632,5125803747.99183,123,ARM.5_1,ARM,4573482429.76945
633,1745458889.01062,1682,LKA.20_1,LKA,563040098.664144
634,26251134.6891971,140,ATG.3_1,ATG,2663702.69155182
635,32318142305.9267,2835,SSD.5_1,SSD,5399097259.17332
636,3392751556.13967,3301,UGA.55_1,UGA,48489502.8185856
637,7322859478.52281,173,AZE.8_1,AZE,817175063.420649
638,1354703311.61717,205,BEN.10_1,BEN,0.0
639,31561926788.207,2223,OMN.1_1,OMN,283805994.557279
640,7999439989.30531,2224,OMN.2_1,OMN,0.0
641,280988886.651583,1877,MKD.70_1,MKD,3778193.74825339
642,25568147.348997,272,BHS.9_1,BHS,0.0
643,124607787919.944,1454,KAZ.8_1,KAZ,1792772435.05121
644,10473610.4556757,316,BMU.6_1,BMU,203274.789292025
645,2476971055.46384,1502,KEN.42_1,KEN,250866810.459161
646,2580911255.54069,1501,KEN.41_1,KEN,470717832.434814
647,142232592.263077,618,CPV.10_1,CPV,0.0
648,26574791927.1108,845,EGY.26_1,EGY,3283848393.0459
649,61326392205.8315,836,EGY.17_1,EGY,10388168174.127
650,4699960526.25781,1468,KEN.8_1,KEN,127293228.071481
651,45447150647.0105,1512,KGZ.5_1,KGZ,1135457865.24359
652,3443950687.16172,1504,KEN.44_1,KEN,332194119.259597
653,25553374687.9143,1469,KEN.9_1,KEN,6801253401.75627
654,541873411.40371,891,ETH.1_1,ETH,0.0
655,212971960260.987,3376,USA.17_1,USA,1433159966.47968
656,167269698840.659,496,CHN.16_1,CHN,470057267.482995
657,7587477230.5024,580,COL.7_1,COL,373262803.123372
658,2793775595.18652,2809,SRB.4_1,SRB,26712540.9140044
659,33876299770.7475,1907,MMR.1_1,MMR,167031491.865973
660,14699773803.7028,3131,TUR.12_1,TUR,209485411.184951
661,5304207720.4129,2604,ROU.41_1,ROU,462831267.695099
662,4844673229.75105,2605,ROU.42_1,ROU,970331039.752526
663,3811025056.71981,2850,SUR.8_1,SUR,1201191171.80174
664,9543635949.36127,2853,SVK.1_1,SVK,2956903542.64511
665,20879460359.3016,197,BEN.2_1,BEN,6356566211.38137
666,49257603314.3727,2101,NGA.5_1,NGA,7989762253.92999
667,14045333030.1954,3151,TUR.32_1,TUR,0.0
668,3984409276.53436,2281,PHL.1_1,PHL,16278933.0527526
669,982083957.503613,1566,KOR.11_1,KOR,41474516.298986
670,140453770815,1952,MNG.10_1,MNG,42907969620.9432
671,2080944383.34012,2771,SLV.9_1,SLV,264677336.400481
672,182210249.04236,3262,UGA.16_1,UGA,452029.446773406
673,244615211.388658,3086,TTO.6_1,TTO,46249607.2917768
674,145606781167.526,1896,MLI.4_1,MLI,1043502794.53685
675,422194895.701803,263,BHR.5_1,BHR,0.0
676,31925407066.8247,420,CAF.12_1,CAF,279977131.101235
677,1634710540.58677,79,ALB.11_1,ALB,390333436.557347
678,37404770723.4636,330,BOL.9_1,BOL,6539113478.80193
679,912974452.802723,662,CYP.2_1,CYP,305727727.835793
680,1367244853.41441,665,CYP.5_1,CYP,959551032.463
681,1647483963.45194,1152,HTI.5_1,HTI,2140815.11735907
682,6347221346.45294,1429,JPN.30_1,JPN,1900542422.40753
683,1912880822.65975,1432,JPN.33_1,JPN,271037535.960963
684,2456589169.10118,1433,JPN.34_1,JPN,375530260.695251
685,147543881707.712,1188,IDN.12_1,IDN,14635642792.9631
686,1843687887.75023,1274,IRL.23_1,IRL,139714860.61267
687,9748883995.40714,1707,LTU.10_1,LTU,1774311155.56448
688,67851853653.0556,1288,IRN.11_1,IRN,2997708348.98576
689,5746872873.43161,1724,MAR.7_1,MAR,1570991650.82845
690,834413718.779188,1366,JAM.5_1,JAM,327674397.839619
691,115712168592.771,1458,KAZ.12_1,KAZ,1583404866.64623
692,11948528084.1788,1616,LBR.12_1,LBR,238946165.680221
693,9408696799.40302,1619,LBR.15_1,LBR,2320279153.34104
694,7513070856.504,1609,LBR.5_1,LBR,94237938.6685619
695,164441178052.549,1775,MDG.6_1,MDG,17763928617.5305
696,2678790981.26745,3115,TUN.20_1,TUN,384056689.304729
697,7882562344.30881,2031,MWI.20_1,MWI,2202251328.26078
698,4100780715.39468,2016,MWI.5_1,MWI,651094154.027248
699,34113546866.018,2391,PNG.14_1,PNG,311221434.900639
700,264017862.800817,2392,PNG.15_1,PNG,145787522.52463
701,1331449430.4198,2345,PHL.65_1,PHL,471558404.897657
702,166008004.275443,3543,WSM.8_1,WSM,0.0
703,100728794110.18,2663,RUS.58_1,RUS,10390398391.562
704,1926963193.02198,1148,HTI.2_1,HTI,28456033.7996567
705,1106797093.29281,3549,XKO.1_1,XKO,262067.621617566
706,40033984984.9079,570,COG.9_1,COG,3380360027.77576
707,118961043.850716,1210,IMN.1_1,IMN,5548966.16576503
708,202328106135.104,110,ARG.16_1,ARG,26525018924.9932
709,8317545.5192709,654,CYM.1_1,CYM,9244.65132970023
710,4223484281.50538,787,DZA.40_1,DZA,0.0
711,2271330839.8934,890,EST.16_1,EST,378381271.95272
712,161820518027.789,791,DZA.44_1,DZA,887273357.779497
713,3190529420.87636,1209,IDN.33_1,IDN,34464220.0610778
714,1888046434.47304,1270,IRL.19_1,IRL,144829560.730569
715,46623127.0689743,84,AND.4_1,AND,34930716.5708086
716,6227017912.58948,3289,UGA.43_1,UGA,379386190.784313
717,3527785038.54417,3292,UGA.46_1,UGA,228668689.457739
718,2716744642.22309,248,BGR.18_1,BGR,1080818459.8727
719,864567276.150687,1767,MDA.35_1,MDA,0.0
720,13318491266.9079,1293,IRN.16_1,IRN,609582880.385603
721,39654766.6392543,2062,MYT.7_1,MYT,2101792.44162785
722,17424532588.4077,1326,IRQ.18_1,IRQ,999160458.192423
723,29253873.3138973,2065,MYT.10_1,MYT,1853203.96096577
724,205904433017.766,502,CHN.22_1,CHN,0.0
725,8390010339.20955,1568,KOR.13_1,KOR,1619942318.09619
726,12999835.9785098,1387,JEY.12_1,JEY,2438901.79438525
727,12116971497.2908,1569,KOR.14_1,KOR,1330468288.4105
728,10631419.1842893,1382,JEY.7_1,JEY,1823209.43262926
729,14936511.1560595,1076,GUM.16_1,GUM,0.0
730,42343689970.0523,1206,IDN.30_1,IDN,8328657346.69916
731,73803116.2375906,2438,PRI.23_1,PRI,2912.24920891687
732,1976104373.18959,1046,GTM.10_1,GTM,23879090.7195277
733,6662835.97460053,3209,TUV.9_1,TUV,370393.169084629
734,31906085.2181745,1546,KNA.5_1,KNA,0.0
735,34513144.3985397,2369,PLW.8_1,PLW,1618271.21680085
736,25264179.9521082,2368,PLW.7_1,PLW,5971939.23787775
737,2712310945.88649,2504,PRK.11_1,PRK,0.0
738,4045145604.76761,2580,ROU.17_1,ROU,256123324.187468
739,11784325551.4611,2384,PNG.7_1,PNG,0.0
740,173214026.39752,2435,PRI.20_1,PRI,18518505.7794225
741,944444593.314972,3028,THA.57_1,THA,0.0
742,407254953.920032,3030,THA.59_1,THA,0.0
743,7647468640.77922,3035,THA.64_1,THA,706825464.629517
744,81369109.1472084,2442,PRI.27_1,PRI,8979123.93518503
745,9509137281.66932,2691,RWA.3_1,RWA,1024889192.26553
746,297813504.524609,2487,PRI.72_1,PRI,6096786.51769171
747,129565472.829985,2531,PRY.4_1,PRY,7748730.48641258
748,15122229964.2979,2615,RUS.10_1,RUS,104000542.126329
749,6375583312.09581,3501,VNM.38_1,VNM,439730606.950795
750,11716031526.956,2625,RUS.20_1,RUS,2710225090.10646
751,12438910.3879774,1090,HKG.1_1,HKG,3226610.63328311
752,45326212.9979764,2067,MYT.12_1,MYT,3029664.04617707
753,10038235524.9998,3581,YEM.21_1,YEM,0.0
754,531396116899.664,2635,RUS.30_1,RUS,97987047671.7573
755,8416849563.0092,1479,KEN.19_1,KEN,305823296.703192
756,3388500809.16112,2314,PHL.34_1,PHL,113302903.876833
757,102254801.698745,563,COG.2_1,COG,836582.470709189
758,53867636745.1406,1250,IND.35_1,IND,9388947785.19034
759,35585764286.6272,2686,RUS.81_1,RUS,3523843534.49521
760,5048211254.33669,3508,VNM.45_1,VNM,368280444.248774
761,16405160602.2388,1116,HND.9_1,HND,9930244520.45491
762,8587834393.94384,1115,HND.8_1,HND,565127917.075503
763,120945301.802005,1214,IMN.5_1,IMN,5675431.30372408
764,85561121923.7094,1251,IND.36_1,IND,2436146571.18491
765,7641120467.1462,1216,IND.1_1,IND,751307586.682793
766,105696304932.36,1229,IND.14_1,IND,18136180042.5208
767,113403244307.784,2723,SDN.17_1,SDN,0.0
768,1306454623.5965,1675,LKA.13_1,LKA,543788897.874156
769,29069097.2365606,1841,MKD.34_1,MKD,250182.184675727
770,37853255496.8291,1232,IND.17_1,IND,4473791944.24426
771,5358375.44994332,2779,SMR.3_1,SMR,0.0
772,363455139.232105,1829,MKD.22_1,MKD,862430.131235577
773,3057809.75600556,2783,SMR.7_1,SMR,0.0
774,19573685205.1582,3449,VEN.19_1,VEN,3781185604.39639
775,1102883922.68896,3300,UGA.54_1,UGA,366121747.359238
776,235343799.300161,1867,MKD.60_1,MKD,3053.28049584869
777,2391964993.22116,2870,SVN.10_1,SVN,745412882.208962
778,116606178900.089,1945,MNG.3_1,MNG,27566582853.0501
779,7002369415.76599,2886,SWE.14_1,SWE,372148392.460272
780,2326503996.73592,2522,PRT.15_1,PRT,126336771.11586
781,23495385014.6642,2924,SYR.1_1,SYR,0.0
782,17603676921.3332,2963,TCD.20_1,TCD,0.0
783,23753552.6676051,1902,MLT.1_1,MLT,3948357.40523261
784,4606085.27405824,3054,TKL.1_1,TKL,0.0
785,7387534635.51867,2515,PRT.8_1,PRT,1021172413.53293
786,6809574537.4447,2566,ROU.3_1,ROU,1620536477.44632
787,5339122277.54531,2569,ROU.6_1,ROU,939879307.613523
788,7527955035.44503,2568,ROU.5_1,ROU,2098822582.65236
789,137183106403.551,1301,IRN.24_1,IRN,2622019754.01125
790,6602455090.61651,2567,ROU.4_1,ROU,539091997.049463
791,4970696622.9483,2570,ROU.7_1,ROU,395253828.169931
792,2116447902.88102,2861,SVN.1_1,SVN,1230555135.32068
793,801181017.785459,1733,MDA.1_1,MDA,0.0
794,66633464372.895,531,CMR.7_1,CMR,7757445720.62139
795,167228676.245095,617,CPV.9_1,CPV,0.0
796,1466098.15176841,2191,NRU.2_1,NRU,0.0
797,2001122997.82511,824,EGY.5_1,EGY,0.0
798,111600859.102219,1968,MNP.4_1,MNP,901224.58647551
799,7877453584.55706,713,DNK.3_1,DNK,
800,75752247926.752,103,ARG.9_1,ARG,5971579162.99311
801,113681829393.821,2851,SUR.9_1,SUR,17996823142.2788
802,6787014.05879494,1383,JEY.8_1,JEY,1046115.16284939
803,2855861123.65072,369,BRN.1_1,BRN,403968793.817243
804,388987548.470688,1393,JOR.6_1,JOR,5257036.77340659
805,4470171562.46921,1446,JPN.47_1,JPN,1402365516.07413
806,8042168351.48898,2221,NZL.18_1,NZL,1440211632.20152
807,11569843510.9785,2880,SWE.8_1,SWE,
808,185014448.836004,2482,PRI.67_1,PRI,0.0
809,18537829396.2813,1315,IRQ.7_1,IRQ,433556016.60493
810,9386722517.60382,2881,SWE.9_1,SWE,435772962.822783
811,22974663.0789159,1548,KNA.7_1,KNA,0.0
812,584518985.175644,1340,ISR.6_1,ISR,53390783.6282879
813,14447524.6083544,1550,KNA.9_1,KNA,0.0
814,6167913804.02516,2380,PNG.3_1,PNG,920603643.086588
815,43857652635.5506,2382,PNG.5_1,PNG,2418739471.49292
816,2090361.84140164,3333,UMI.2_1,UMI,2090361.84140164
817,6087812143.05361,2574,ROU.11_1,ROU,539433170.370889
818,3576196662.98124,3031,THA.60_1,THA,198319263.981103
819,88314180.6140181,2459,PRI.44_1,PRI,5738710.00889724
820,1200214223.49042,2775,SLV.13_1,SLV,335351059.301531
821,137484010.97032,2481,PRI.66_1,PRI,2113534.43186961
822,62643093710.0448,3408,USA.49_1,USA,2602556396.77758
823,2701011426.14805,3032,THA.61_1,THA,680218130.892508
824,89353387.2626606,2483,PRI.68_1,PRI,2754504.23639499
825,61890816.3685836,2485,PRI.70_1,PRI,0.0
826,71482438.7503023,2488,PRI.73_1,PRI,3977399.6839748
827,46909328630.5249,3227,TZA.11_1,TZA,26293707776.2764
828,249364187.961974,2554,QAT.2_1,QAT,0.0
829,714865326.232269,1490,KEN.30_1,KEN,144593765.215249
830,901255967.937679,1494,KEN.34_1,KEN,0.0
831,477620386.285301,3244,TZA.28_1,TZA,19357773.6127341
832,247550285.674983,3246,TZA.30_1,TZA,14283269.9171512
833,3513542395.56969,1498,KEN.38_1,KEN,41401097.5993015
834,561345384.05556,1505,KEN.45_1,KEN,17305261.3313704
835,16498013791.4369,1508,KGZ.1_1,KGZ,0.0
836,217179468054.008,2717,SDN.11_1,SDN,18292779015.3361
837,23564102177.5711,2624,RUS.19_1,RUS,761939016.844595
838,4506540643.95881,3502,VNM.39_1,VNM,51823568.3871006
839,95154209.3141563,1644,LCA.3_1,LCA,16852049.0712001
840,1092313544.23944,1528,KHM.12_1,KHM,397455022.667518
841,13172902862.8234,3038,THA.67_1,THA,3733474119.81522
842,5437769769.95532,3037,THA.66_1,THA,325149790.950025
843,160640709126.658,2660,RUS.55_1,RUS,10869979835.4309
844,67118637179.7032,2670,RUS.65_1,RUS,484371790.827394
845,4307077.60360484,3203,TUV.3_1,TUV,16702.978460149
846,1857995759.46141,3302,UGA.56_1,UGA,7664154.16423825
847,6619398124.17306,3103,TUN.8_1,TUN,134003429.468689
848,7236891.02997192,2910,SYC.13_1,SYC,0.0
849,15121169.9957312,2911,SYC.14_1,SYC,0.0
850,123040613.636088,1967,MNP.3_1,MNP,3574430.739073
851,75788285415.5844,2238,PAK.5_1,PAK,2067477560.00027
852,24249924280.2561,2657,RUS.52_1,RUS,843068906.26784
853,101330689.180043,2467,PRI.52_1,PRI,0.0
854,197829733.586905,2804,SPM.1_1,SPM,4371149.86212358
855,8840437708.4169,3039,THA.68_1,THA,468767931.193925
856,2676756821.09688,1477,KEN.17_1,KEN,4545250.80475889
857,35243919.2638075,1995,MSR.3_1,MSR,7032302.70656563
858,94882775.855966,2436,PRI.21_1,PRI,1236.76363228093
859,4744565458.22596,2097,NGA.1_1,NGA,34891684.4497304
860,6215580574.53226,2107,NGA.11_1,NGA,65274605.9565664
861,1101582405.59757,1764,MDA.32_1,MDA,20730765.122398
862,4451385507.41421,3047,THA.76_1,THA,689408281.741271
863,4109217405.43938,3048,THA.77_1,THA,61818306.1887003
864,962492676.402698,1839,MKD.32_1,MKD,81055017.3117899
865,5366540135.93353,3574,YEM.14_1,YEM,0.0
866,80824326.2494138,2420,PRI.5_1,PRI,678704.307980363
867,76467962048.2345,2639,RUS.34_1,RUS,8028302942.9087
868,12080521902.0778,2246,PAN.5_1,PAN,5868549536.25116
869,49447195832.8447,3594,ZMB.4_1,ZMB,9796011210.51126
870,4229101147.27797,2247,PAN.6_1,PAN,1575097801.91103
871,46215168.9980935,1576,KWT.4_1,KWT,217863.578256655
872,1901441500.26853,3577,YEM.17_1,YEM,0.0
873,11632645479.4077,1401,JPN.2_1,JPN,2261527062.60016
874,2335985767.84021,2248,PAN.7_1,PAN,167376596.524648
875,9657351819.36171,1402,JPN.3_1,JPN,1877751592.13304
